Costs,Total,Zone1,Zone2,Zone3,Zone4
cTotal,5.794722027366543e8,4.338550621883768e7,2.686759626771635e8,2.3650345920969874e8,3.0907274630831387e7
cFix,3.42716149711273e8,2.4107563695411634e7,2.441787113285482e8,4.3522865153600894e7,3.0907009533712268e7
cVar,2.279069358779256e8,1.8248187246733893e7,2.3128611555693127e7,1.865298724773238e8,264.5981747792574
cNSE,0.15319249756923783,0.03831294456994117,0.038307853832897434,0.03826716676975995,0.03830453239663916
cStart,8.849116994140288e6,1.0297552383792055e6,1.368639754614313e6,6.450721540506888e6,0.46063980655793624
cUnmetRsv,0.0,-,-,-,-
cNetworkExp,0.0001364403650703655,-,-,-,-
