Line,New_Trans_Capacity,Cost_Trans_Capacity
1,5.198282900573953e-9,2.5497577627315242e-5
2,5.198277095940692e-9,2.5497549155589092e-5
3,6.86080307364265e-9,3.36522390762172e-5
4,5.3608773223787194e-9,2.629510326626762e-5
5,5.198347797140948e-9,2.5497895944976355e-5
