Status,Solve,Objval
OPTIMAL,99.38017010688782,579.4722027366543
