Costs,Total,Zone1,Zone2,Zone3,Zone4
cTotal,4.948058297973484e8,8.525647652325425e7,2.3330744730729187e8,1.5622301435946563e8,2.0018891607347243e7
cFix,3.204161627254833e8,8.461101992691873e7,2.1581226612574178e8,5.4491798452291365,1.9992871223642923e7
cVar,1.6483734405247587e8,561089.5763652935,1.5728756466821356e7,1.4852492131658024e8,22576.692708935767
cNSE,46717.30395311096,8778.025974527118,28431.62601713974,6064.825961535887,3442.8259999080205
cStart,9.505605715446765e6,75588.99399568838,1.737993088711551e6,7.692022767744e6,0.8649954735011538
cUnmetRsv,0.0,-,-,-,-
cNetworkExp,4.127365344689292e-5,-,-,-,-
