Line,New_Trans_Capacity,Cost_Trans_Capacity
1,1.5338682520416907e-9,7.523623776264493e-6
2,1.5258886329596432e-9,7.48448374466705e-6
3,2.2935852831707498e-9,1.1250035813952528e-5
4,1.5465614529331964e-9,7.585883926637329e-6
5,1.5147046249483212e-9,7.429626185371516e-6
