Status,Solve,Objval
OPTIMAL,661.5022149085999,494.8058297973484
