Costs,Total,Zone1,Zone2,Zone3,Zone4
cTotal,5.753470797600045e8,9.615501344963884e7,3.010125427818665e8,1.4518127470727277e8,3.299824882110131e7
cFix,4.008931746645945e8,9.55980958670172e7,2.3696531525809422e8,4.178938319990477e7,2.6540380339578345e7
cVar,1.6332071219595477e8,480515.00717514416,5.8192293520077996e7,9.881501778794754e7,5.832885880754591e6
cNSE,129048.05820263327,24468.014544688966,78576.01456753023,16548.014529947144,9456.014560474492
cStart,1.1004144841126867e7,51934.560901808334,5.776357989126732e6,4.560325704890482e6,615526.5862079012
cUnmetRsv,0.0,-,-,-,-
cNetworkExp,2.1957308231199014e-5,-,-,-,-
