Line,New_Trans_Capacity,Cost_Trans_Capacity
1,8.467620336896566e-10,4.153367775247766e-6
2,8.467613549052847e-10,4.153364445810421e-6
3,1.0894570686105794e-9,5.343786921534893e-6
4,8.467634725006115e-10,4.153374832615499e-6
5,8.467715098859196e-10,4.153414255990435e-6
