Status,Solve,Objval
OPTIMAL,1229.860678911209,575.3470797600045
