Costs,Total,Zone1,Zone2,Zone3,Zone4
cTotal,4.719903879407802e8,6.986310168113382e7,2.2600215850128776e8,1.5487451125169253e8,2.1250616506568365e7
cFix,2.9991649127974045e8,6.921712844499929e7,2.0947549517787105e8,0.81808998127572,2.1223866838780113e7
cVar,1.6274789893834877e8,566449.2605730653,1.485859486963273e7,1.4729954803559336e8,23306.772551802776
cNSE,46717.21416010713,8778.00353917447,28431.603543807192,6064.803536261482,3442.8035408644196
cStart,9.279280508431144e6,70745.97202229364,1.6396368502402084e6,7.5688975944729615e6,0.09169558238984825
cUnmetRsv,0.0,-,-,-,-
cNetworkExp,5.979802058922857e-6,-,-,-,-
