Line,New_Trans_Capacity,Cost_Trans_Capacity
1,2.1491268756072738e-10,1.0541467324853678e-6
2,2.1149900203060591e-10,1.037402604960122e-6
3,3.368961156835921e-10,1.6524754474280193e-6
4,2.1889993450678008e-10,1.0737041787557564e-6
5,2.3691602350531924e-10,1.162073095293591e-6
