Status,Solve,Objval
OPTIMAL,541.5400340557098,471.99038794078024
