Costs,Total,Zone1,Zone2,Zone3,Zone4
cTotal,5.531982081312783e8,9.170613445228073e7,2.8592688800166035e8,1.4762342770714307e8,2.7941757969921328e7
cFix,3.9282128823417544e8,9.116515634995314e7,2.292656969269889e8,4.449678880889417e7,2.789364614833929e7
cVar,1.5138554693099153e8,473938.6145103873,5.192702317754759e7,9.894593177110703e7,38653.36782693893
cNSE,129048.10926222157,24468.027312587437,78576.02733458059,16548.027295809774,9456.027319245351
cStart,8.86232485657571e6,42571.46050460707,4.655591869789262e6,4.164159099846068e6,2.426435851566118
cUnmetRsv,0.0,-,-,-,-
cNetworkExp,4.210245017445188e-5,-,-,-,-
