Line,New_Trans_Capacity,Cost_Trans_Capacity
1,1.5943754035406143e-9,7.820411354366712e-6
2,1.6109742778785521e-9,7.901828832994299e-6
3,2.107526749046773e-9,1.0337418704074422e-5
4,1.6226507371680797e-9,7.959101865809432e-6
5,1.6480508495834885e-9,8.083689417207012e-6
