Status,Solve,Objval
OPTIMAL,1238.522519826889,553.1982081312783
