Costs,Total,Zone1,Zone2,Zone3,Zone4
cTotal,5.564377462490624e8,5.734950668964512e7,2.488016825717806e8,2.1800019047748858e8,3.228636651017901e7
cFix,3.287218953718216e8,2.675521727718823e7,2.3791620478342432e8,3.1764338114061024e7,3.2286135197147977e7
cVar,2.1935863817976362e8,2.9249295940902337e7,1.0096156454441465e7,1.8001295451109847e8,231.2733209971573
cNSE,0.016245573535682813,0.004062813141258471,0.004062931606221556,0.004058555582035118,0.004061273206167667
cStart,8.3572126812629225e6,1.344993467491742e6,789321.3298518694,6.222897848270521e6,0.03564877042957583
cUnmetRsv,0.0,-,-,-,-
cNetworkExp,1.5163522467026249e-5,-,-,-,-
