Line,New_Trans_Capacity,Cost_Trans_Capacity
1,5.528606533030721e-10,2.7117815044515688e-6
2,5.553847636711168e-10,2.7241622658068284e-6
3,7.557134134906806e-10,3.706774293171789e-6
4,6.177497184085589e-10,3.0300623687939815e-6
5,6.097333404285587e-10,2.9907420348020803e-6
