Status,Solve,Objval
OPTIMAL,102.27308082580566,556.4377462490625
