Costs,Total,Zone1,Zone2,Zone3,Zone4
cTotal,5.793733595239073e8,4.185547590132709e7,2.6929687087291116e8,2.3725009198022392e8,3.0970920769355204e7
cFix,3.426737825565417e8,2.2740105822785877e7,2.449193455126163e8,4.404367154958784e7,3.0970659671551615e7
cVar,2.2779337738464898e8,1.80919317768347e7,2.3012831063291304e7,1.866883536993878e8,260.8451342891172
cNSE,0.07753775087628945,0.01939253573024462,0.01939172727928978,0.01936846876498589,0.019385019101769322
cStart,8.906199505089927e6,1.0234382823139763e6,1.364694277611826e6,6.518066711879832e6,0.2332842796395769
cUnmetRsv,0.0,-,-,-,-
cNetworkExp,7.365329150891519e-5,-,-,-,-
