Line,New_Trans_Capacity,Cost_Trans_Capacity
1,2.68717236304613e-9,1.3180580440741265e-5
2,2.6911376327871374e-9,1.320003008882091e-5
3,3.787121372520764e-9,1.8575830332214346e-5
4,2.789960109474597e-9,1.3684754336972897e-5
5,3.0605700938156503e-9,1.5012096310165766e-5
