Status,Solve,Objval
OPTIMAL,93.6148910522461,579.3733595239073
